day,price_x,mcap,volume,chest,chest_rate_pct,boost_x,holder_pot,H1_yield_pct_day,H2_yield_pct_day,H3_yield_pct_day,burn_usd,burned_pct,home_miners,rent_cards,renter_chest_pct,home_extra_median_pct,home_extra_p90_pct,creator_cum,L1_home,L2_home,L3_home,L1_extra_median_pct,L2_extra_median_pct,L3_extra_median_pct
1,0.7082,708160,147402,690,0.47,4.0,5943,0.754,1.509,3.017,0,0.0,51,0,0.0,540.0,713.5,737,51,0,0,540.0,0,0
2,0.5836,583598,97056,2708,2.79,4.0,1660,0.254,0.509,1.018,0,0.0,85,40,26.7,808.2,1354.8,1222,70,15,0,808.2,1355.2,0
3,0.3497,349656,79445,3575,4.5,2.86,0,0.0,0.0,0.0,0,0.0,134,80,32.6,651.7,841.3,1620,118,16,0,651.7,1064.2,0
4,0.4838,483831,50198,2259,4.5,1.29,0,0.0,0.0,0.0,0,0.0,166,120,41.4,269.8,417.9,1871,77,89,0,209.0,341.2,0
5,0.6575,657458,56499,2542,4.5,1.2,0,0.0,0.0,0.0,0,0.0,194,148,41.0,283.9,448.9,2153,60,121,13,173.8,283.9,567.8
6,0.7209,720855,72147,3247,4.5,1.36,0,0.0,0.0,0.0,0,0.0,218,168,42.4,318.4,503.5,2514,68,137,13,195.0,318.4,636.9
7,0.7186,718561,74332,3345,4.5,1.24,0,0.0,0.0,0.0,0,0.0,236,192,28.1,357.7,565.6,2885,69,146,21,219.1,357.7,715.5
8,0.484,484008,69145,3112,4.5,1.02,0,0.0,0.0,0.0,0,0.0,257,220,29.7,242.5,485.1,3231,100,129,28,187.9,306.8,613.6
9,0.562,561992,46147,2077,4.5,0.62,0,0.0,0.0,0.0,0,0.0,264,244,44.9,146.6,231.8,3462,79,153,32,89.8,146.6,293.2
10,0.7486,748621,49089,2209,4.5,0.64,0,0.0,0.0,0.0,0,0.0,274,252,45.3,147.2,232.8,3707,79,160,35,90.1,163.8,294.4
11,0.4851,485130,61854,2783,4.5,0.78,0,0.0,0.0,0.0,0,0.0,280,260,30.2,236.0,373.2,4017,92,152,36,144.5,236.0,472.1
12,0.5118,511824,41811,1881,4.5,0.5,0,0.0,0.0,0.0,0,0.0,291,252,45.7,117.2,185.3,4226,90,164,37,71.8,117.2,234.4
13,0.4143,414299,39000,1755,4.5,0.5,0,0.0,0.0,0.0,0,0.0,295,216,29.0,116.7,233.4,4421,95,175,25,90.4,147.6,295.2
14,0.3807,380653,32661,1470,4.5,0.45,0,0.0,0.0,0.0,0,0.0,298,24,26.7,101.2,202.4,4584,96,181,21,78.4,128.0,256.1
15,0.4611,461069,27346,1231,4.5,0.94,0,0.0,0.0,0.0,0,0.0,301,12,7.1,123.3,195.0,4721,86,174,41,75.5,123.3,246.6
16,0.295,294977,29238,1316,4.5,1.12,0,0.0,0.0,0.0,0,0.0,305,12,2.0,128.5,257.0,4867,115,184,6,99.5,162.6,325.1
17,0.3874,387378,22143,996,4.5,0.79,0,0.0,0.0,0.0,0,0.0,305,12,4.4,99.1,198.2,4978,85,173,47,60.7,99.1,198.2
18,0.5473,547335,23426,1054,4.5,0.9,0,0.0,0.0,0.0,0,0.0,305,8,3.1,99.9,199.8,5095,54,201,50,61.2,99.9,199.8
19,0.4189,418924,30356,1366,4.5,1.2,0,0.0,0.0,0.0,0,0.0,305,8,1.1,135.3,270.7,5246,73,181,51,82.9,135.3,270.7
20,0.4469,446916,23438,1055,4.5,0.9,0,0.0,0.0,0.0,0,0.0,305,4,2.6,101.7,203.4,5364,59,197,49,62.3,101.7,203.4
21,0.5367,536719,22891,1030,4.5,0.94,0,0.0,0.0,0.0,0,0.0,305,4,1.0,107.2,195.8,5478,43,210,52,59.9,97.9,195.8
22,0.507,506989,26904,1211,4.5,1.1,0,0.0,0.0,0.0,0,0.0,305,4,0.5,128.7,235.0,5613,50,204,51,71.9,130.7,235.0
23,0.4431,443061,23909,1076,4.5,0.98,0,0.0,0.0,0.0,0,0.0,305,0,0.5,104.7,209.4,5732,52,202,51,64.1,104.7,209.4
24,0.4654,465379,21280,958,4.5,0.91,0,0.0,0.0,0.0,0,0.0,305,0,0.0,94.1,188.1,5839,50,205,50,57.6,94.1,188.1
25,0.4565,456534,20528,924,4.5,0.87,0,0.0,0.0,0.0,0,0.0,305,0,0.0,91.0,182.0,5941,58,195,52,55.7,91.0,182.0
26,0.3808,380824,19349,871,4.5,0.82,0,0.0,0.0,0.0,0,0.0,305,0,0.0,88.9,177.8,6038,74,184,47,54.4,88.9,177.8
27,0.3779,377874,16232,730,4.5,0.69,0,0.0,0.0,0.0,0,0.0,305,0,0.0,73.8,147.5,6119,65,194,46,45.2,73.8,147.5
28,0.2863,286344,15439,695,4.5,0.66,0,0.0,0.0,0.0,0,0.0,305,0,0.0,73.3,115.9,6196,90,173,42,44.9,73.3,146.6
29,0.2988,298792,13337,600,4.5,0.57,0,0.0,0.0,0.0,0,0.0,305,0,0.0,60.5,121.1,6263,64,195,46,37.1,60.5,121.1
30,0.2689,268883,11668,525,4.5,0.5,0,0.0,0.0,0.0,0,0.0,304,0,0.0,55.9,88.4,6321,75,200,30,34.2,55.9,111.8
31,0.2772,277216,11220,505,4.5,0.48,0,0.0,0.0,0.0,0,0.0,304,0,0.0,52.0,82.3,6377,69,193,42,31.9,52.0,104.1
32,0.2634,263404,10246,461,4.5,0.44,0,0.0,0.0,0.0,0,0.0,301,0,0.0,49.9,79.0,6429,72,207,25,30.6,49.9,70.6
33,0.339,338983,10220,460,4.5,0.45,0,0.0,0.0,0.0,0,0.0,300,0,0.0,46.2,92.3,6480,55,196,50,28.3,46.2,92.3
34,0.2683,268308,11844,533,4.5,0.52,0,0.0,0.0,0.0,0,0.0,299,0,0.0,54.5,109.0,6539,66,184,50,33.4,54.5,109.0
35,0.2702,270168,9983,449,4.5,0.45,0,0.0,0.0,0.0,0,0.0,297,0,0.0,45.8,91.6,6589,59,191,49,28.0,45.8,91.6
36,0.2651,265076,9565,430,4.5,0.43,0,0.0,0.0,0.0,0,0.0,290,0,0.0,44.6,89.1,6637,55,197,45,27.3,44.6,89.1
37,0.2659,265917,8811,396,4.5,0.41,0,0.0,0.0,0.0,0,0.0,289,0,0.0,40.5,81.0,6681,46,193,51,32.0,40.5,81.0
38,0.2606,260565,9752,439,4.5,0.45,0,0.0,0.0,0.0,0,0.0,287,0,0.0,47.0,74.4,6730,53,195,41,28.8,47.0,94.1
39,0.2267,226684,8378,377,4.5,0.4,0,0.0,0.0,0.0,0,0.0,287,0,0.0,45.3,71.6,6771,62,213,12,27.7,45.3,64.1
40,0.2421,242058,8584,386,4.5,0.41,0,0.0,0.0,0.0,0,0.0,266,0,0.0,43.7,79.9,6814,43,193,51,31.6,39.9,79.9
41,0.2625,262513,7041,317,4.5,0.43,0,0.0,0.0,0.0,0,0.0,265,0,0.0,45.4,74.1,6850,43,171,52,29.3,45.4,74.1
42,0.2147,214709,8069,363,4.5,0.5,0,0.0,0.0,0.0,0,0.0,265,0,0.0,51.6,81.6,6890,67,187,11,31.6,63.2,73.0
43,0.2426,242563,6812,307,4.5,0.42,0,0.0,0.0,0.0,0,0.0,265,0,0.0,44.3,72.3,6924,45,168,52,28.6,44.3,72.3
44,0.2072,207185,6717,302,4.5,0.41,0,0.0,0.0,0.0,0,0.0,264,0,0.0,41.7,65.9,6958,59,193,13,33.0,51.1,59.0
45,0.2149,214912,6889,310,4.5,0.43,0,0.0,0.0,0.0,0,0.0,264,0,0.0,42.4,77.3,6992,52,171,41,30.6,47.4,77.3
46,0.2513,251327,5696,256,4.5,0.35,0,0.0,0.0,0.0,0,0.0,249,0,0.0,37.3,60.9,7020,47,165,52,24.1,37.3,60.9
47,0.2405,240512,6616,298,4.5,0.43,0,0.0,0.0,0.0,0,0.0,247,0,0.0,44.6,72.8,7054,35,162,52,28.8,44.6,72.8
48,0.2398,239768,7254,326,4.5,0.48,0,0.0,0.0,0.0,0,0.0,247,0,0.0,49.6,81.1,7090,32,165,50,32.0,49.6,81.1
49,0.2097,209659,6742,303,4.5,0.45,0,0.0,0.0,0.0,0,0.0,245,0,0.0,46.9,76.6,7124,39,159,49,30.3,46.9,76.6
50,0.2022,202197,6452,290,4.5,0.43,0,0.0,0.0,0.0,0,0.0,244,0,0.0,49.7,64.1,7156,39,184,22,32.1,49.7,69.3
51,0.2018,201757,5249,236,4.5,0.35,0,0.0,0.0,0.0,0,0.0,242,0,0.0,36.1,59.0,7182,35,157,52,23.3,36.1,59.0
52,0.1872,187194,6564,295,4.5,0.45,0,0.0,0.0,0.0,0,0.0,240,0,0.0,44.4,70.3,7215,44,188,10,35.1,54.4,62.9
53,0.1949,194879,6055,272,4.5,0.41,0,0.0,0.0,0.0,0,0.0,238,0,0.0,42.6,69.6,7245,37,152,51,27.5,42.6,69.6
54,0.2038,203773,5784,260,4.5,0.4,0,0.0,0.0,0.0,0,0.0,238,0,0.0,41.0,66.9,7274,34,154,50,26.5,41.0,66.9
55,0.193,192981,4906,221,4.5,0.34,0,0.0,0.0,0.0,0,0.0,238,0,0.0,35.4,57.8,7299,38,153,47,22.8,35.4,57.8
56,0.1603,160348,4571,206,4.5,0.32,0,0.0,0.0,0.0,0,0.0,213,0,0.0,34.6,44.7,7321,38,168,32,22.3,34.6,56.5
57,0.1899,189947,6001,270,4.5,0.52,0,0.0,0.0,0.0,0,0.0,211,0,0.0,48.5,79.1,7351,36,125,52,31.3,48.5,79.1
58,0.2135,213517,4949,223,4.5,0.44,0,0.0,0.0,0.0,0,0.0,211,0,0.0,40.2,65.7,7376,31,129,51,26.0,40.2,65.7
59,0.2603,260325,5570,251,4.5,0.49,0,0.0,0.0,0.0,0,0.0,210,0,0.0,44.9,73.3,7404,27,133,51,29.0,44.9,73.3
60,0.2471,247148,6143,276,4.5,0.54,0,0.0,0.0,0.0,0,0.0,207,0,0.0,49.7,81.1,7435,29,129,52,32.1,49.7,81.1
61,0.2772,277157,6229,280,4.5,0.56,0,0.0,0.0,0.0,0,0.0,206,0,0.0,50.4,82.4,7466,20,136,51,32.6,50.4,82.4
62,0.2825,282537,6406,288,4.5,0.58,0,0.0,0.0,0.0,0,0.0,206,0,0.0,51.6,84.2,7498,17,137,52,33.3,51.6,84.2
63,0.2865,286533,8333,375,4.5,0.75,0,0.0,0.0,0.0,0,0.0,206,0,0.0,68.7,112.2,7540,20,137,49,44.4,68.7,112.2
64,0.2369,236917,7132,321,4.5,0.64,0,0.0,0.0,0.0,0,0.0,206,0,0.0,60.7,99.2,7575,34,124,48,39.2,60.7,99.2
65,0.2564,256427,6727,303,4.5,0.61,0,0.0,0.0,0.0,0,0.0,206,0,0.0,54.9,89.7,7609,21,135,50,35.5,54.9,89.7
66,0.2494,249395,6247,281,4.5,0.56,0,0.0,0.0,0.0,0,0.0,206,0,0.0,50.8,83.0,7640,21,134,51,32.8,50.8,83.0
67,0.2321,232091,6593,297,4.5,0.59,0,0.0,0.0,0.0,0,0.0,206,0,0.0,55.3,90.3,7673,22,139,45,35.7,55.3,90.3
68,0.2256,225583,5832,262,4.5,0.53,0,0.0,0.0,0.0,0,0.0,206,0,0.0,50.2,82.0,7702,25,139,42,32.4,50.2,82.0
69,0.2799,279898,5070,228,4.5,0.46,0,0.0,0.0,0.0,0,0.0,205,0,0.0,40.9,66.9,7728,18,136,52,26.4,40.9,66.9
70,0.2306,230608,7312,329,4.5,0.66,0,0.0,0.0,0.0,0,0.0,205,0,0.0,60.3,98.4,7764,24,131,50,38.9,60.3,98.4
71,0.2364,236420,6966,313,4.5,0.63,0,0.0,0.0,0.0,0,0.0,205,0,0.0,57.5,93.8,7799,22,134,49,37.1,57.5,93.8
72,0.2347,234678,6220,280,4.5,0.56,0,0.0,0.0,0.0,0,0.0,205,0,0.0,51.5,84.1,7830,25,130,50,33.2,51.5,84.1
73,0.2456,245562,6171,278,4.5,0.56,0,0.0,0.0,0.0,0,0.0,205,0,0.0,51.0,83.3,7861,25,130,50,32.9,51.0,83.3
74,0.2377,237666,5920,266,4.5,0.54,0,0.0,0.0,0.0,0,0.0,205,0,0.0,49.0,80.0,7891,27,127,51,31.6,49.0,80.0
75,0.2346,234646,6330,285,4.5,0.57,0,0.0,0.0,0.0,0,0.0,205,0,0.0,52.5,85.8,7922,25,130,50,33.9,52.5,85.8
76,0.2248,224835,5666,255,4.5,0.51,0,0.0,0.0,0.0,0,0.0,205,0,0.0,49.4,80.6,7951,31,133,41,31.9,49.4,80.6
77,0.2067,206703,4987,224,4.5,0.45,0,0.0,0.0,0.0,0,0.0,203,0,0.0,44.1,72.0,7975,33,134,38,28.5,44.1,72.0
78,0.2155,215516,4986,224,4.5,0.46,0,0.0,0.0,0.0,0,0.0,197,0,0.0,41.4,67.6,8000,27,124,52,26.7,41.4,67.6
79,0.2004,200382,4693,211,4.5,0.44,0,0.0,0.0,0.0,0,0.0,197,0,0.0,39.7,64.8,8024,25,120,52,25.6,39.7,64.8
80,0.1648,164769,5142,231,4.5,0.48,0,0.0,0.0,0.0,0,0.0,195,0,0.0,49.5,80.8,8050,39,126,32,32.0,49.5,80.8
81,0.1793,179336,6431,289,4.5,0.61,0,0.0,0.0,0.0,0,0.0,195,0,0.0,55.7,91.0,8082,24,123,48,36.0,55.7,91.0
82,0.1719,171947,5524,249,4.5,0.53,0,0.0,0.0,0.0,0,0.0,195,0,0.0,48.8,79.7,8109,27,122,46,31.5,48.8,79.7
83,0.1599,159921,4852,218,4.5,0.46,0,0.0,0.0,0.0,0,0.0,194,0,0.0,45.0,73.5,8134,29,130,36,29.1,45.0,73.5
84,0.1626,162629,5432,244,4.5,0.52,0,0.0,0.0,0.0,0,0.0,193,0,0.0,50.0,81.7,8161,29,126,39,32.3,50.0,81.7
85,0.1587,158743,3718,167,4.5,0.36,0,0.0,0.0,0.0,0,0.0,190,0,0.0,36.8,47.5,8179,30,136,27,23.8,36.8,60.1
86,0.1455,145498,3537,159,4.5,0.35,0,0.0,0.0,0.0,0,0.0,189,0,0.0,35.8,46.3,8197,28,137,25,23.1,35.8,58.5
87,0.1657,165723,5455,245,4.5,0.54,0,0.0,0.0,0.0,0,0.0,188,0,0.0,48.5,79.2,8224,21,120,48,31.3,48.5,79.2
88,0.1811,181110,4578,206,4.5,0.46,0,0.0,0.0,0.0,0,0.0,188,0,0.0,40.7,66.4,8247,20,119,49,26.2,40.7,66.4
89,0.1768,176767,3852,173,4.5,0.39,0,0.0,0.0,0.0,0,0.0,187,0,0.0,33.9,55.4,8266,21,116,51,21.9,33.9,55.4
90,0.1972,197215,4911,221,4.5,0.49,0,0.0,0.0,0.0,0,0.0,187,0,0.0,43.6,71.3,8291,18,120,49,28.2,43.6,71.3
