day,price_x,mcap,volume,chest,chest_rate_pct,boost_x,holder_pot,H1_yield_pct_day,H2_yield_pct_day,H3_yield_pct_day,burn_usd,burned_pct,home_miners,rent_cards,renter_chest_pct,home_extra_median_pct,home_extra_p90_pct,creator_cum,L1_home,L2_home,L3_home,L1_extra_median_pct,L2_extra_median_pct,L3_extra_median_pct
1,0.6972,697247,207402,690,0.33,4.0,8643,1.102,2.204,4.408,0,0.0,51,0,0.0,552.6,713.5,1037,51,0,0,552.6,0,0
2,0.5701,570097,135129,2708,2.0,4.0,3373,0.525,1.05,2.1,0,0.0,85,40,26.7,808.2,1392.0,1713,70,15,0,808.2,1392.8,0
3,0.3407,340743,108242,3788,3.5,3.03,1082,0.277,0.555,1.11,0,0.0,134,80,32.6,690.6,891.6,2254,118,16,0,690.6,1156.3,0
4,0.4686,468649,66294,2320,3.5,1.33,663,0.113,0.226,0.452,0,0.0,166,120,41.4,277.1,511.2,2585,77,89,0,214.6,353.6,0
5,0.6307,630733,77143,2700,3.5,1.28,771,0.096,0.192,0.383,0,0.0,194,148,41.0,303.9,485.1,2971,60,121,13,184.6,357.2,667.1
6,0.6867,686744,97813,3423,3.5,1.41,978,0.111,0.223,0.445,0,0.0,218,172,42.7,337.5,539.4,3460,68,137,13,204.5,405.3,750.7
7,0.6817,681702,100281,3510,3.5,1.26,1003,0.117,0.233,0.467,0,0.0,236,200,28.8,374.1,595.9,3962,65,150,21,226.0,435.8,824.0
8,0.4613,461344,93270,3264,3.5,1.03,933,0.16,0.32,0.64,0,0.0,257,232,30.8,250.4,513.2,4428,100,129,28,194.0,322.6,716.0
9,0.5318,531775,61782,2162,3.5,0.63,618,0.087,0.173,0.346,0,0.0,264,256,46.1,152.5,244.5,4737,79,153,32,91.4,185.3,352.8
10,0.6992,699200,65857,2305,3.5,0.65,659,0.068,0.137,0.273,0,0.0,274,264,46.4,154.0,247.2,5066,79,160,35,92.0,171.2,359.3
11,0.4572,457199,82007,2870,3.5,0.78,820,0.136,0.271,0.543,0,0.0,280,272,31.2,243.8,392.6,5476,92,153,35,147.3,247.2,555.6
12,0.4813,481336,54659,1913,3.5,0.49,547,0.083,0.165,0.331,0,0.0,291,264,46.8,119.2,193.1,5749,90,164,37,71.5,121.1,282.7
13,0.3932,393222,51808,1813,3.5,0.5,518,0.096,0.193,0.386,0,0.0,295,256,30.0,118.9,246.0,6008,95,175,25,92.1,164.9,349.3
14,0.357,356989,42811,1498,3.5,0.41,428,0.084,0.168,0.336,0,0.0,298,24,30.0,98.3,203.5,6222,94,183,21,76.1,128.1,289.7
15,0.431,430977,35977,1259,3.5,0.99,360,0.064,0.128,0.257,0,0.0,301,8,6.6,128.9,233.1,6402,86,174,41,77.7,130.1,286.8
16,0.2782,278177,38990,1365,3.5,1.2,390,0.111,0.222,0.443,0,0.0,305,8,1.4,133.1,271.2,6597,111,188,6,103.1,183.0,375.3
17,0.3631,363116,28234,988,3.5,0.81,282,0.057,0.114,0.228,0,0.0,305,8,3.3,101.1,224.2,6738,87,171,47,61.1,102.4,225.4
18,0.5084,508417,30996,1085,3.5,0.95,310,0.046,0.091,0.182,0,0.0,305,8,2.1,107.4,235.2,6893,58,197,50,63.9,107.5,237.2
19,0.3912,391209,40231,1408,3.5,1.24,402,0.075,0.149,0.298,0,0.0,305,8,1.1,142.4,314.7,7095,73,181,51,85.4,143.5,316.3
20,0.4163,416336,30838,1079,3.5,0.92,308,0.055,0.109,0.219,0,0.0,305,4,2.6,107.2,234.8,7249,59,197,49,63.7,107.4,236.9
21,0.4955,495452,30394,1064,3.5,0.97,304,0.044,0.088,0.176,0,0.0,305,4,1.0,119.2,228.6,7401,43,210,52,61.9,104.5,230.3
22,0.4684,468388,35245,1234,3.5,1.12,352,0.055,0.11,0.22,0,0.0,305,4,0.5,137.6,270.4,7577,50,204,51,73.3,136.0,272.3
23,0.4095,409539,31512,1103,3.5,1.01,315,0.054,0.108,0.217,0,0.0,305,0,0.5,111.0,242.6,7735,52,202,51,65.7,111.1,244.3
24,0.4292,429208,27692,969,3.5,0.92,277,0.047,0.094,0.187,0,0.0,305,0,0.0,98.8,215.8,7873,52,203,50,58.4,98.8,217.4
25,0.4208,420755,26963,944,3.5,0.89,270,0.047,0.093,0.186,0,0.0,305,0,0.0,96.3,210.5,8008,58,195,52,56.9,96.3,212.0
26,0.3529,352869,25425,890,3.5,0.84,254,0.053,0.105,0.21,0,0.0,305,0,0.0,93.4,204.3,8135,71,187,47,55.4,93.8,206.0
27,0.35,350020,21232,743,3.5,0.7,212,0.044,0.088,0.176,0,0.0,305,0,0.0,77.9,166.8,8241,67,192,46,46.1,78.0,171.5
28,0.2674,267366,20241,708,3.5,0.67,202,0.054,0.109,0.218,0,0.0,305,0,0.0,75.7,121.8,8342,85,177,43,45.4,76.7,168.6
29,0.279,279021,16945,593,3.5,0.56,169,0.044,0.087,0.174,0,0.0,305,0,0.0,62.1,135.2,8427,64,195,46,36.6,62.2,136.7
30,0.2514,251400,15355,537,3.5,0.51,154,0.043,0.087,0.174,0,0.0,304,0,0.0,58.5,93.3,8504,73,200,32,34.7,59.0,129.0
31,0.2589,258947,14426,505,3.5,0.48,144,0.04,0.079,0.159,0,0.0,304,0,0.0,54.0,85.9,8576,70,192,42,31.9,54.2,118.8
32,0.2463,246264,13480,472,3.5,0.45,135,0.04,0.079,0.158,0,0.0,301,0,0.0,52.4,83.0,8643,72,205,27,31.1,57.5,115.2
33,0.3144,314391,13198,462,3.5,0.45,132,0.029,0.058,0.117,0,0.0,300,0,0.0,48.4,105.6,8709,55,196,50,28.4,48.4,106.3
34,0.2508,250773,15488,542,3.5,0.53,155,0.043,0.085,0.171,0,0.0,300,0,0.0,57.6,126.2,8787,66,184,50,33.9,57.8,127.0
35,0.2558,255761,12881,451,3.5,0.44,129,0.035,0.07,0.141,0,0.0,297,0,0.0,47.8,104.4,8851,60,191,49,28.1,47.9,105.2
36,0.2511,251125,12146,425,3.5,0.43,121,0.034,0.068,0.136,0,0.0,296,0,0.0,45.6,99.6,8912,58,191,48,26.8,45.7,100.3
37,0.2537,253729,11223,393,3.5,0.4,112,0.029,0.058,0.117,0,0.0,289,0,0.0,41.5,90.5,8968,50,194,52,24.3,41.5,91.1
38,0.2946,294596,12401,434,3.5,0.45,124,0.029,0.058,0.116,0,0.0,289,0,0.0,54.7,100.9,9030,36,202,51,34.8,54.7,101.2
39,0.344,343958,13063,457,3.5,0.47,131,0.026,0.052,0.103,0,0.0,288,0,0.0,55.3,102.0,9095,34,196,59,31.1,55.3,102.0
40,0.3087,308676,14761,517,3.5,0.54,148,0.032,0.064,0.129,0,0.0,288,0,0.0,63.8,117.4,9169,34,198,56,35.9,63.8,117.8
41,0.3278,327756,13169,461,3.5,0.48,132,0.026,0.053,0.105,0,0.0,286,0,0.0,55.8,102.7,9235,33,195,60,27.4,55.8,102.6
42,0.3616,361616,14289,500,3.5,0.53,143,0.027,0.054,0.108,0,0.0,286,0,0.0,60.2,110.8,9306,31,193,62,29.5,60.2,110.3
43,0.3167,316658,14246,499,3.5,0.53,142,0.029,0.059,0.117,0,0.0,286,0,0.0,60.7,111.9,9378,34,191,61,29.8,60.7,111.7
44,0.2735,273529,13469,471,3.5,0.5,135,0.033,0.065,0.131,0,0.0,284,0,0.0,60.5,110.4,9445,45,191,50,29.8,60.8,111.6
45,0.2775,277533,11893,416,3.5,0.45,119,0.03,0.059,0.119,0,0.0,282,0,0.0,54.2,98.6,9505,43,193,48,26.7,54.5,100.0
46,0.2426,242607,10467,366,3.5,0.4,105,0.029,0.059,0.117,0,0.0,280,0,0.0,47.8,89.5,9557,47,191,44,24.3,49.5,91.0
47,0.216,215993,10458,366,3.5,0.4,105,0.034,0.068,0.136,0,0.0,280,0,0.0,47.6,69.8,9609,51,205,24,26.1,53.2,67.7
48,0.2334,233359,9652,338,3.5,0.37,97,0.027,0.053,0.107,0,0.0,274,0,0.0,44.2,81.0,9657,37,191,52,28.0,44.1,81.4
49,0.202,202010,9107,319,3.5,0.37,91,0.029,0.059,0.118,0,0.0,268,0,0.0,45.7,61.8,9703,42,205,27,26.4,47.0,85.2
50,0.1848,184809,9220,323,3.5,0.4,92,0.033,0.067,0.133,0,0.0,263,0,0.0,45.5,68.0,9749,52,201,15,33.1,52.3,65.7
51,0.212,212015,8299,290,3.5,0.39,83,0.026,0.051,0.102,0,0.0,250,0,0.0,42.2,77.4,9791,41,169,53,26.7,42.2,77.5
52,0.1964,196386,7516,263,3.5,0.36,75,0.024,0.048,0.096,0,0.0,244,0,0.0,39.4,72.0,9828,32,165,53,24.8,39.3,71.9
53,0.2104,210370,6957,244,3.5,0.36,70,0.022,0.044,0.088,0,0.0,241,0,0.0,37.5,68.3,9863,29,162,53,23.6,37.4,68.3
54,0.2211,221079,7324,256,3.5,0.39,73,0.022,0.045,0.089,0,0.0,238,0,0.0,40.0,72.7,9900,27,161,53,25.1,39.8,72.6
55,0.2218,221766,7522,263,3.5,0.4,75,0.021,0.043,0.086,0,0.0,231,0,0.0,41.6,75.4,9937,25,160,53,26.1,41.4,75.4
56,0.2421,242094,8589,301,3.5,0.49,86,0.023,0.046,0.093,0,0.0,230,0,0.0,49.3,88.9,9980,22,158,51,30.9,49.0,88.8
57,0.2225,222503,9161,321,3.5,0.52,92,0.027,0.054,0.109,0,0.0,227,0,0.0,53.0,95.5,10026,23,157,50,33.2,52.7,95.5
58,0.2459,245865,8005,280,3.5,0.47,80,0.021,0.042,0.084,0,0.0,226,0,0.0,46.6,83.9,10066,21,154,52,29.1,46.3,83.9
59,0.2477,247734,9229,323,3.5,0.54,92,0.025,0.049,0.098,0,0.0,226,0,0.0,54.0,97.4,10112,21,154,51,33.8,53.7,97.3
60,0.2033,203288,8662,303,3.5,0.51,87,0.028,0.056,0.112,0,0.0,225,0,0.0,51.7,93.3,10155,24,156,46,32.4,51.6,93.3
61,0.1901,190077,7243,254,3.5,0.42,72,0.024,0.048,0.096,0,0.0,225,0,0.0,43.8,79.1,10192,30,149,46,27.5,43.8,79.1
62,0.2049,204862,8032,281,3.5,0.47,80,0.026,0.051,0.102,0,0.0,225,0,0.0,47.8,86.6,10232,29,146,50,30.0,47.7,86.6
63,0.2117,211697,7197,252,3.5,0.42,72,0.022,0.045,0.089,0,0.0,224,0,0.0,42.7,77.2,10268,29,144,52,26.7,42.6,77.1
64,0.2538,253797,7333,257,3.5,0.43,73,0.019,0.038,0.076,0,0.0,221,0,0.0,43.7,78.8,10304,28,144,52,27.3,43.5,78.7
65,0.2455,245529,8177,286,3.5,0.49,82,0.022,0.044,0.087,0,0.0,220,0,0.0,48.9,88.3,10345,28,140,53,30.6,48.7,88.1
66,0.1988,198753,7985,279,3.5,0.48,80,0.027,0.053,0.106,0,0.0,219,0,0.0,48.5,87.8,10385,30,139,51,30.4,48.4,87.7
67,0.2258,225790,6403,224,3.5,0.39,64,0.018,0.037,0.073,0,0.0,215,0,0.0,38.4,69.5,10417,26,140,53,24.0,38.3,69.3
68,0.213,212973,7300,256,3.5,0.45,73,0.021,0.043,0.085,0,0.0,215,0,0.0,44.6,80.4,10454,27,135,53,27.8,44.4,80.2
69,0.2136,213607,7502,263,3.5,0.46,75,0.023,0.046,0.092,0,0.0,214,0,0.0,46.5,84.0,10491,33,130,52,29.1,46.4,83.8
70,0.2208,220768,6765,237,3.5,0.42,68,0.019,0.039,0.078,0,0.0,214,0,0.0,41.7,75.0,10525,26,135,53,25.9,41.4,74.8
71,0.2276,227603,7651,268,3.5,0.47,77,0.021,0.042,0.084,0,0.0,214,0,0.0,46.4,83.4,10563,26,132,56,28.8,46.1,83.2
72,0.2245,224488,8160,286,3.5,0.5,82,0.023,0.046,0.092,0,0.0,212,0,0.0,49.8,89.6,10604,27,132,55,30.9,49.5,89.3
73,0.2211,221107,8254,289,3.5,0.51,83,0.024,0.048,0.096,0,0.0,211,0,0.0,51.3,92.2,10645,29,130,53,31.8,51.0,92.0
74,0.2112,211168,7468,261,3.5,0.47,75,0.023,0.046,0.093,0,0.0,210,0,0.0,47.7,85.6,10683,29,133,49,29.6,47.5,85.4
75,0.2027,202666,6695,234,3.5,0.42,67,0.021,0.041,0.083,0,0.0,209,0,0.0,42.6,76.6,10716,26,135,49,26.5,42.4,76.5
76,0.1884,188355,7462,261,3.5,0.47,75,0.024,0.049,0.098,0,0.0,207,0,0.0,48.1,86.6,10753,27,135,47,30.0,48.0,86.4
77,0.1794,179394,7094,248,3.5,0.45,71,0.025,0.051,0.102,0,0.0,206,0,0.0,47.1,84.6,10789,32,131,44,29.4,47.1,84.6
78,0.1807,180686,6378,223,3.5,0.41,64,0.022,0.044,0.088,0,0.0,206,0,0.0,40.8,73.3,10821,26,128,52,25.3,40.6,73.1
79,0.2072,207230,6713,235,3.5,0.43,67,0.02,0.041,0.081,0,0.0,206,0,0.0,41.9,75.2,10854,23,127,56,25.8,41.6,74.8
80,0.2076,207608,6942,243,3.5,0.44,69,0.021,0.042,0.084,0,0.0,205,0,0.0,43.3,77.8,10889,25,124,57,26.7,43.0,77.5
81,0.1846,184565,6944,243,3.5,0.45,69,0.023,0.046,0.091,0,0.0,204,0,0.0,44.4,79.8,10924,26,126,53,27.5,44.2,79.6
82,0.1964,196378,6908,242,3.5,0.45,69,0.022,0.044,0.088,0,0.0,204,0,0.0,43.8,78.4,10958,23,125,56,26.9,43.4,78.1
83,0.2146,214570,6582,230,3.5,0.43,66,0.019,0.037,0.075,0,0.0,201,0,0.0,40.9,73.1,10991,22,122,60,25.0,40.4,71.9
84,0.2349,234858,7078,248,3.5,0.47,71,0.019,0.038,0.075,0,0.0,201,0,0.0,44.5,79.3,11027,22,118,61,27.2,43.9,77.9
85,0.2633,263252,7269,254,3.5,0.48,73,0.017,0.034,0.068,0,0.0,200,0,0.0,45.6,81.6,11063,23,117,61,27.9,45.2,80.2
86,0.3251,325128,8651,303,3.5,0.58,87,0.016,0.032,0.064,0,0.0,200,0,0.0,54.1,96.2,11106,22,113,65,32.9,53.2,94.1
87,0.3299,329943,10474,367,3.5,0.7,105,0.019,0.039,0.078,0,0.0,200,0,0.0,65.5,116.6,11159,22,113,65,39.8,64.5,114.0
88,0.2906,290644,10716,375,3.5,0.72,107,0.022,0.044,0.088,0,0.0,200,0,0.0,68.3,122.5,11212,27,113,60,41.9,67.7,120.1
89,0.318,317967,10076,353,3.5,0.67,101,0.02,0.041,0.081,0,0.0,199,0,0.0,63.6,114.0,11263,24,114,62,38.9,62.9,111.5
90,0.2679,267918,9652,338,3.5,0.65,97,0.022,0.044,0.087,0,0.0,198,0,0.0,62.5,112.3,11311,26,116,57,38.4,62.0,110.5
