day,price_x,mcap,volume,chest,burn_usd,burned_pct,home_miners,rent_cards,renter_chest_pct,home_extra_median_pct,home_extra_p90_pct,creator_cum,L1_home,L2_home,L3_home,L1_extra_median_pct,L2_extra_median_pct,L3_extra_median_pct
1,0.7773,773906,201628,6049,3024,0.439,51,0,0.0,3877.4,6130.7,1008,50,1,0,3877.4,7754.8,0
2,0.6836,678192,147388,4422,2211,0.786,85,40,21.2,1351.6,2703.2,1745,33,52,0,1046.9,1709.6,0
3,0.816,807679,124554,3737,1868,1.023,134,80,41.2,555.2,1110.3,2368,58,76,0,351.1,702.2,0
4,0.7884,778117,138907,4167,2084,1.299,166,120,30.7,549.9,1229.7,3062,83,83,0,476.2,777.7,0
5,2.2221,2191388,126750,3803,1901,1.381,194,160,45.8,397.5,628.5,3696,40,154,0,243.4,397.5,0
6,0.9102,892069,332839,9985,4993,1.993,218,192,34.2,1028.2,2056.5,5360,98,120,0,796.5,1300.6,0
7,0.6117,597435,132677,3980,1990,2.329,236,232,37.1,367.2,568.8,6024,112,124,0,284.4,464.4,0
8,0.4399,428388,87241,2617,1309,2.627,256,272,39.7,220.4,341.4,6460,134,122,0,170.7,278.7,0
9,0.3719,361231,61192,1836,918,2.869,264,292,40.5,147.0,227.7,6766,139,125,0,113.8,185.9,0
10,0.4215,408700,49589,1488,744,3.036,273,304,55.9,78.9,157.9,7014,109,164,0,61.2,99.9,0
11,0.4676,452692,51306,1539,770,3.194,281,264,54.3,79.3,158.6,7270,97,184,0,61.4,100.3,0
12,0.4889,472493,53945,1618,809,3.355,293,244,49.6,87.8,175.6,7540,100,193,0,68.0,111.0,0
13,0.4875,470386,52498,1575,787,3.513,300,116,39.0,124.7,197.2,7803,89,211,0,76.4,124.7,0
14,0.4749,457487,48320,1450,725,3.665,305,0,16.9,154.2,243.8,8044,92,213,0,94.4,154.2,0
15,0.3985,383242,43467,1304,652,3.837,308,8,1.5,137.2,274.3,8262,130,177,1,106.2,173.5,347.0
16,0.4278,410878,35047,1051,526,3.963,310,16,5.2,124.8,197.3,8437,94,214,2,76.4,124.8,249.6
17,0.4865,466699,35736,1072,536,4.076,311,16,4.9,120.1,189.9,8615,78,225,8,73.6,120.1,240.3
18,0.4118,394390,38840,1165,583,4.221,311,8,2.6,138.4,218.9,8810,94,210,7,84.8,138.4,276.8
19,0.3688,352733,31827,955,477,4.354,311,4,2.0,114.9,181.7,8969,96,209,6,70.4,114.9,229.8
20,0.3494,333726,27405,822,411,4.472,311,4,0.7,99.7,157.6,9106,95,211,5,61.1,99.7,199.4
21,0.483,461046,25065,752,376,4.55,311,4,1.2,85.7,135.5,9231,69,231,11,52.5,85.7,171.4
22,0.4813,458881,32954,989,494,4.657,311,0,0.6,114.5,181.1,9396,77,222,12,70.1,114.5,229.0
23,0.3805,362319,30849,925,463,4.78,311,0,0.0,110.0,173.9,9550,91,208,12,67.4,110.0,220.0
24,0.4028,383194,24135,724,362,4.872,311,0,0.0,84.6,133.7,9671,77,222,12,51.8,84.6,169.2
25,0.3874,368185,23891,717,358,4.966,311,0,0.0,83.7,132.3,9790,77,222,12,51.3,83.7,167.4
26,0.4438,421393,22215,666,333,5.043,311,0,0.0,76.5,120.9,9901,63,236,12,46.8,76.5,153.0
27,0.596,565612,24615,738,369,5.107,311,0,0.0,79.9,126.4,10024,47,246,18,49.0,97.9,136.5
28,0.5654,536023,31766,953,476,5.192,311,0,0.0,103.4,163.5,10183,49,244,18,63.3,115.0,176.5
29,0.6163,583876,29270,878,439,5.264,311,0,0.0,92.4,146.1,10330,43,246,22,56.6,113.2,130.7
30,0.5544,524719,31024,931,465,5.347,311,0,0.0,99.8,157.7,10485,51,240,20,61.1,99.8,141.1
31,0.5037,476376,27481,824,412,5.43,311,0,0.0,91.4,144.5,10622,57,238,16,56.0,91.4,182.7
32,0.4965,469130,24942,748,374,5.506,311,0,0.0,83.1,131.4,10747,57,239,15,50.9,83.1,166.1
33,0.529,499567,23338,700,350,5.573,311,0,0.0,75.5,119.4,10864,49,244,18,46.3,84.0,106.8
34,0.5325,502456,23767,713,357,5.641,311,0,0.0,77.0,121.7,10982,54,237,20,47.1,94.3,108.8
35,0.4775,450193,23323,700,350,5.716,311,0,0.0,77.9,123.2,11099,57,239,15,47.7,95.4,155.8
36,0.3736,351890,20456,614,307,5.799,311,0,0.0,71.5,113.0,11201,72,228,11,43.8,71.5,143.0
37,0.3514,330746,16133,484,242,5.869,310,0,0.0,56.8,89.8,11282,78,222,11,34.8,56.8,113.6
38,0.3802,357679,14964,449,224,5.929,308,0,0.0,50.4,79.7,11357,57,238,15,30.9,50.4,100.8
39,0.3096,291058,15253,458,229,6.003,307,0,0.0,54.8,86.6,11433,81,217,10,33.5,54.8,109.5
40,0.3394,318850,13068,392,196,6.061,306,0,0.0,45.4,71.8,11498,56,240,11,27.8,45.4,90.9
41,0.3321,311806,13058,392,196,6.121,306,0,0.0,45.9,72.6,11564,60,235,11,28.1,45.9,91.8
42,0.3759,352690,13023,391,195,6.173,306,0,0.0,44.4,70.3,11629,54,237,15,27.2,44.4,88.9
43,0.3687,345728,14473,434,217,6.232,296,0,0.0,49.6,78.4,11701,55,237,14,30.3,49.6,99.1
44,0.3042,285025,13470,404,202,6.3,293,0,0.0,49.4,78.2,11768,58,230,8,30.3,49.4,98.9
45,0.3315,310447,11072,332,166,6.352,293,0,0.0,39.8,62.9,11824,48,233,12,24.4,39.8,79.6
46,0.3216,301021,11646,349,175,6.4,277,0,0.0,40.1,63.4,11882,44,230,19,24.6,49.1,56.7
47,0.323,302156,11298,339,169,6.453,274,0,0.0,45.0,71.2,11939,48,215,14,27.6,55.2,90.1
48,0.2804,262097,11198,336,168,6.512,272,0,0.0,47.2,74.6,11995,56,211,7,28.9,57.8,94.4
49,0.2553,238548,9916,297,149,6.57,271,0,0.0,43.6,68.9,12044,67,201,4,26.7,53.4,67.4
50,0.2847,265865,9200,276,138,6.62,270,0,0.0,38.6,61.0,12090,52,208,11,23.6,47.3,77.2
51,0.2732,254967,9441,283,142,6.672,266,0,0.0,39.8,62.9,12137,52,207,11,24.4,48.7,79.6
52,0.2332,217537,9490,285,142,6.734,266,0,0.0,43.2,68.3,12185,62,203,1,26.4,52.9,47.3
53,0.2578,240275,8171,245,123,6.781,261,0,0.0,34.7,54.8,12226,50,204,12,21.2,42.5,69.4
54,0.2201,205030,8245,247,124,6.838,258,0,0.0,39.0,61.6,12267,62,198,1,23.9,47.7,42.7
55,0.2193,204238,7408,222,111,6.887,235,0,0.0,33.6,53.1,12304,51,197,10,20.6,41.2,74.8
56,0.2255,209818,7061,212,106,6.935,234,0,0.0,33.8,53.5,12339,31,193,11,26.7,41.4,67.7
57,0.2098,195134,7082,212,106,6.985,234,0,0.0,35.6,56.3,12375,32,201,1,28.2,43.6,39.0
58,0.2055,191010,6964,209,104,7.036,231,0,0.0,35.7,56.5,12409,40,193,1,28.2,43.8,39.1
59,0.1865,173303,6596,198,99,7.082,202,0,0.0,32.7,51.7,12442,35,185,11,25.9,40.1,65.4
60,0.2169,201479,6392,192,96,7.126,201,0,0.0,47.7,61.6,12474,32,159,11,30.8,47.7,77.9
61,0.239,221904,7105,213,107,7.17,200,0,0.0,53.3,68.8,12510,29,162,10,34.4,53.3,96.9
62,0.2606,241816,7785,234,117,7.215,198,0,0.0,59.0,76.2,12549,29,162,9,38.1,59.0,96.3
63,0.2838,263227,7919,238,119,7.258,198,0,0.0,60.1,77.6,12588,25,164,9,38.8,60.1,98.2
64,0.2678,248286,8465,254,127,7.303,198,0,0.0,64.4,83.1,12631,25,164,9,41.5,64.4,105.1
65,0.2578,238875,8998,270,135,7.355,198,0,0.0,69.8,90.2,12676,31,159,8,45.1,69.8,114.0
66,0.2327,215424,7817,235,117,7.406,198,0,0.0,61.9,79.9,12715,42,147,9,39.9,61.9,101.0
67,0.2555,236451,7052,212,106,7.447,198,0,0.0,54.8,70.7,12750,33,156,9,35.4,54.8,89.4
68,0.2339,216333,8163,245,122,7.5,198,0,0.0,64.4,83.2,12791,40,149,9,41.6,64.4,105.2
69,0.2208,204117,6923,208,104,7.547,198,0,0.0,54.9,70.9,12825,42,147,9,35.4,54.9,89.7
70,0.2078,192061,6709,201,101,7.596,197,0,0.0,44.1,69.8,12859,49,140,9,34.9,54.1,88.3
71,0.2002,184889,6190,186,93,7.643,194,0,0.0,41.1,64.9,12890,50,138,9,32.5,50.3,82.1
72,0.2375,219214,5950,178,89,7.68,193,0,0.0,47.2,61.0,12920,33,152,9,30.5,47.2,77.1
73,0.2459,226877,7407,222,111,7.725,192,0,0.0,59.2,76.4,12957,33,151,9,38.2,59.2,96.6
74,0.2035,187664,7104,213,107,7.778,192,0,0.0,58.0,74.9,12992,39,144,9,37.4,58.0,94.7
75,0.1827,168438,6001,180,90,7.827,192,0,0.0,49.6,64.1,13022,44,139,9,32.0,49.6,81.1
76,0.1768,162887,6022,181,90,7.877,192,0,0.0,43.3,65.3,13052,47,137,8,32.7,50.6,82.6
77,0.1731,159378,5762,173,86,7.927,192,0,0.0,40.0,63.2,13081,47,139,6,31.6,48.9,79.9
78,0.164,150968,5139,154,77,7.974,192,0,0.0,36.4,57.5,13107,50,138,4,28.8,44.6,72.8
79,0.1535,141205,5093,153,76,8.025,191,0,0.0,38.0,60.1,13132,62,129,1,30.1,46.6,41.6
80,0.1369,125820,4792,144,72,8.078,177,0,0.0,36.2,57.3,13156,65,125,1,28.6,44.4,39.7
81,0.1329,122108,4697,141,70,8.131,177,0,0.0,37.3,58.9,13180,52,124,1,29.5,45.7,40.8
82,0.1297,119064,4054,122,61,8.178,171,0,0.0,31.9,50.5,13200,50,126,1,25.2,39.1,35.0
83,0.1216,111603,3923,118,59,8.227,170,0,0.0,32.3,51.1,13220,50,120,1,25.5,39.6,35.4
84,0.1373,125929,3941,118,59,8.27,167,0,0.0,36.0,46.5,13239,30,131,9,23.2,36.0,72.0
85,0.1277,117122,3946,118,59,8.315,165,0,0.0,37.1,47.9,13259,33,125,9,24.0,37.1,74.2
86,0.1267,116083,4251,128,64,8.365,164,0,0.0,40.8,52.7,13280,35,121,9,26.3,40.8,81.6
87,0.1293,118421,4058,122,61,8.412,163,0,0.0,38.3,49.4,13301,28,127,9,24.7,38.3,76.5
88,0.1249,114370,3811,114,57,8.457,138,0,0.0,36.5,47.2,13320,31,123,9,23.6,36.5,73.1
89,0.1152,105414,4018,121,60,8.509,137,0,0.0,43.9,56.6,13340,9,128,1,28.3,43.9,39.2
90,0.1145,104744,3489,105,52,8.555,136,0,0.0,38.8,50.1,13357,11,125,1,19.4,38.8,34.7
