day,price_x,mcap,volume,chest,burn_usd,burned_pct,home_miners,rent_cards,renter_chest_pct,home_extra_median_pct,home_extra_p90_pct,creator_cum
1,1.3038,1300473,202678,6080,3040,0.256,51,0,0.0,3957.3,3957.3,1013
2,3.5544,3541451,247705,7431,3716,0.364,86,40,50.0,1263.0,1263.0,2252
3,3.2886,3266390,633200,18996,9498,0.676,129,80,60.9,1586.8,1866.8,5418
4,4.447,4408135,551274,16538,8269,0.874,156,120,64.3,1108.5,1274.8,8174
5,7.0372,6964557,702802,21084,10542,1.032,189,160,65.1,1055.4,1372.0,11688
6,4.8496,4782023,1048367,31451,15726,1.393,215,200,65.1,1434.7,1808.9,16930
7,2.6569,2608473,681874,20456,10228,1.822,234,240,65.7,780.9,1086.5,20339
8,2.8909,2832702,353170,10595,5298,2.013,246,280,66.3,393.8,530.2,22105
9,2.0696,2022140,363277,10898,5449,2.294,258,320,66.7,396.5,519.6,23922
10,4.4122,4307260,246725,7402,3701,2.378,271,360,66.7,238.7,337.5,25155
11,4.6123,4494995,496631,14899,7449,2.544,279,396,66.7,479.8,659.7,27639
12,2.4924,2420927,492863,14786,7393,2.869,287,436,67.0,475.4,638.4,30103
13,1.7198,1666374,253644,7609,3805,3.106,295,476,67.2,243.8,320.7,31371
14,2.0996,2031793,166592,4998,2499,3.227,303,500,66.6,162.0,209.4,32204
15,2.0611,1991634,192690,5781,2890,3.371,306,512,65.7,186.1,245.3,33167
16,2.1049,2031118,180559,5417,2708,3.504,308,528,65.2,174.1,221.5,34070
17,1.9747,1902772,175637,5269,2635,3.642,309,540,64.6,175.0,208.5,34948
18,1.9063,1834403,157552,4727,2363,3.769,309,552,64.4,162.9,182.4,35736
19,1.2328,1184029,145349,4360,2180,3.959,309,560,64.2,156.3,165.2,36463
20,1.9095,1832625,90583,2717,1359,4.028,309,568,63.9,100.9,100.9,36916
21,1.2476,1195267,133565,4007,2003,4.198,309,568,63.6,147.9,147.9,37584
22,1.6493,1578799,84188,2526,1263,4.273,309,572,64.0,93.2,93.2,38005
23,2.2203,2123795,106621,3199,1599,4.345,309,564,63.8,117.5,117.5,38538
24,1.4912,1424288,137562,4127,2063,4.49,309,564,63.1,152.0,152.0,39226
25,3.4758,3318516,89598,2688,1344,4.526,309,564,63.3,98.8,98.8,39674
26,2.1069,2008343,200069,6002,3001,4.676,309,564,62.9,220.5,220.5,40674
27,1.9726,1878533,117575,3527,1764,4.768,309,576,63.4,128.4,128.4,41262
28,3.0042,2859424,106089,3183,1591,4.82,309,576,63.2,115.1,115.1,41792
29,2.5103,2386863,156112,4683,2342,4.917,309,576,63.0,168.7,168.7,42573
30,1.7964,1706157,126483,3794,1897,5.026,309,584,63.0,135.3,135.3,43205
31,1.8948,1798247,88247,2647,1324,5.095,309,584,63.2,94.4,94.4,43646
32,3.7867,3592439,90431,2713,1356,5.13,309,584,63.4,97.0,97.0,44099
33,5.1389,4872740,174811,5244,2622,5.179,309,584,63.2,187.0,187.0,44973
34,5.5209,5231461,231073,6932,3466,5.243,309,592,63.7,246.5,246.5,46128
35,4.5872,4342946,241896,7257,3628,5.324,309,608,64.1,253.0,253.0,47337
36,2.1669,2048346,196398,5892,2946,5.47,309,624,64.8,202.5,202.5,48319
37,2.5499,2409071,91148,2734,1367,5.523,309,636,65.2,92.6,92.6,48775
38,1.8139,1712155,104605,3138,1569,5.611,309,636,65.3,106.2,106.2,49298
39,1.3134,1238548,73269,2198,1099,5.698,309,620,65.7,74.9,74.9,49665
40,1.1,1036473,52260,1568,784,5.772,309,608,65.0,54.1,54.1,49926
41,1.0055,946788,43047,1291,646,5.837,309,592,64.3,45.0,45.0,50141
42,0.7135,671262,38602,1158,579,5.913,309,0,63.7,41.1,41.1,50334
43,0.5974,561666,27655,830,415,5.984,309,0,0.0,80.8,80.8,50472
44,0.5484,515208,22736,682,341,6.048,309,0,0.0,66.8,66.8,50586
45,0.4753,446206,20041,601,301,6.114,307,0,0.0,58.6,58.6,50686
46,0.4293,402765,17520,526,263,6.177,306,0,0.0,51.0,51.0,50774
47,0.4027,377637,15415,462,231,6.235,306,0,0.0,44.8,44.8,50851
48,0.4801,449928,14221,427,213,6.28,300,0,0.0,41.6,41.6,50922
49,0.4707,440846,16559,497,248,6.333,294,0,0.0,49.6,49.6,51005
50,0.4871,456044,16208,486,243,6.383,287,0,0.0,49.9,49.9,51086
51,0.4338,405839,16524,496,248,6.44,280,0,0.0,52.0,52.0,51168
52,0.3751,350684,14518,436,218,6.499,274,0,0.0,47.2,47.2,51241
53,0.3602,336621,12408,372,186,6.551,265,0,0.0,40.6,40.6,51303
54,0.3701,345680,11712,351,176,6.599,260,0,0.0,39.4,39.4,51362
55,0.3892,363338,12130,364,182,6.647,252,0,0.0,41.7,41.7,51422
56,0.3403,317483,12423,373,186,6.702,246,0,0.0,43.6,43.6,51484
57,0.3408,317838,10914,327,164,6.75,240,0,0.0,39.6,39.6,51539
58,0.3723,346987,10732,322,161,6.794,233,0,0.0,39.8,39.8,51593
59,0.3257,303367,11521,346,173,6.847,227,0,0.0,43.3,43.3,51650
60,0.3065,285330,10651,320,160,6.9,224,0,0.0,41.8,41.8,51704
61,0.3057,284442,9595,288,144,6.947,219,0,0.0,38.0,38.0,51751
62,0.3001,279113,9343,280,140,6.995,216,0,0.0,37.9,37.9,51798
63,0.337,313296,9071,272,136,7.036,215,0,0.0,36.9,36.9,51844
64,0.3498,325063,10232,307,153,7.08,202,0,0.0,41.7,41.7,51895
65,0.3248,301684,10669,320,160,7.13,199,0,0.0,44.9,44.9,51948
66,0.3202,297203,9836,295,148,7.176,197,0,0.0,42.2,42.2,51997
67,0.3069,284758,9752,293,146,7.224,196,0,0.0,43.2,43.2,52046
68,0.3077,285325,9377,281,141,7.27,193,0,0.0,42.1,42.1,52093
69,0.2834,262674,9205,276,138,7.319,188,0,0.0,41.5,41.5,52139
70,0.2351,217790,8479,254,127,7.373,184,0,0.0,39.4,39.4,52181
71,0.2225,206017,7120,214,107,7.421,178,0,0.0,33.6,33.6,52217
72,0.2091,193472,6657,200,100,7.47,171,0,0.0,32.5,32.5,52250
73,0.2148,198624,6141,184,92,7.513,167,0,0.0,30.3,30.3,52281
74,0.2272,210047,6278,188,94,7.555,161,0,0.0,31.1,31.1,52312
75,0.2269,209675,6618,199,99,7.599,157,0,0.0,33.8,33.8,52345
76,0.2128,196510,6592,198,99,7.645,154,0,0.0,34.5,34.5,52378
77,0.2134,196966,6382,191,96,7.69,152,0,0.0,34.6,34.6,52410
78,0.2426,223809,6332,190,95,7.729,150,0,0.0,35.0,35.0,52442
79,0.2898,267316,7095,213,106,7.766,145,0,0.0,40.1,40.1,52477
80,0.3144,289835,8472,254,127,7.806,145,0,0.0,49.4,49.4,52520
81,0.2986,275168,9045,271,136,7.852,140,0,0.0,53.1,53.1,52565
82,0.252,232093,8637,259,130,7.903,139,0,0.0,51.9,51.9,52608
83,0.294,270626,7344,220,110,7.94,136,0,0.0,45.3,45.3,52645
84,0.3008,276810,8317,250,125,7.981,136,0,0.0,51.8,51.8,52686
85,0.2912,267821,8601,258,129,8.026,132,0,0.0,55.1,55.1,52729
86,0.277,254672,8213,246,123,8.071,132,0,0.0,53.0,53.0,52771
87,0.2503,229963,7909,237,119,8.118,128,0,0.0,51.4,51.4,52810
88,0.2492,228881,7158,215,107,8.161,125,0,0.0,47.8,47.8,52846
89,0.2645,242761,7059,212,106,8.202,121,0,0.0,47.3,47.3,52881
90,0.2695,247329,7422,223,111,8.243,119,0,0.0,51.0,51.0,52918
