scenario,median_extra_day7,median_extra_day30,median_extra_final,L1_extra_day30,L2_extra_day30,L3_extra_day30,L1_home_day30,L2_home_day30,L3_home_day30,avg_renter_chest_pct,peak_rent_cards,home_miners_ever,final_price_x,burned_pct,creator_total
original,188.45,59.15,25.2,59.15,0.0,0.0,309.0,0.0,0.0,37.45,346.0,309.0,0.17,0.0,0.0
balanced,410.05,279.1,44.2,279.1,0.0,0.0,309.0,0.0,0.0,7.3,408.0,309.0,0.2,8.35,45043.0
balanced_no_burn,553.25,310.2,56.4,310.2,0.0,0.0,309.0,0.0,0.0,7.8,436.0,309.0,0.15,0.0,38203.0
heavy_burn,296.5,240.45,57.3,240.45,0.0,0.0,309.0,0.0,0.0,6.6,372.0,309.0,0.39,13.57,51085.5
stake_200,597.6,321.55,64.3,321.55,0.0,0.0,309.0,0.0,0.0,10.0,504.0,309.0,0.49,8.57,61399.5
linear_weights,166.15,134.7,43.35,134.7,0.0,0.0,309.0,0.0,0.0,24.15,498.0,309.0,0.27,8.3,39351.5
cheap_rentals,402.2,207.95,47.2,207.95,0.0,0.0,309.0,0.0,0.0,10.6,496.0,309.0,0.29,8.34,44320.0
slow_hype,248.35,74.85,49.9,74.85,0.0,0.0,208.0,0.0,0.0,4.05,158.0,216.0,0.12,5.22,9726.0
levels,861.5,157.45,58.75,76.6,153.2,250.25,24.5,184.0,96.5,15.8,718.0,306.0,0.4,8.59,70309.5
levels_1_3_6,887.45,178.1,70.95,52.05,158.5,276.8,27.5,181.5,98.0,13.7,726.0,306.0,0.43,8.6,73573.0
levels_few_l3,763.6,142.75,47.05,70.2,121.4,192.85,34.5,199.5,67.0,14.25,684.0,306.0,0.23,8.44,55385.0
